Team1,Team2,Team1H_A,Team1Formation,Team2Formation,Win(3)_Draw(1)_Lose(0),Team1Player1Name,Team1Player2Name,Team1Player3Name,Team1Player4Name,Team1Player5Name,Team1Player6Name,Team1Player7Name,Team1Player8Name,Team1Player9Name,Team1Player10Name,Team1Player11Name,Team2Player1Name,Team2Player2Name,Team2Player3Name,Team2Player4Name,Team2Player5Name,Team2Player6Name,Team2Player7Name,Team2Player8Name,Team2Player9Name,Team2Player10Name,Team2Player11Name,Team1Player1,Team1Player2,Team1Player3,Team1Player4,Team1Player5,Team1Player6,Team1Player7,Team1Player8,Team1Player9,Team1Player10,Team1Player11,Team2Player1,Team2Player2,Team2Player3,Team2Player4,Team2Player5,Team2Player6,Team2Player7,Team2Player8,Team2Player9,Team2Player10,Team2Player11,Team1_Goals,Team2_Goals,Team1_BigChances,Team1_TotalShots,Team1_Corners,Team1_Passes,Team1_Tackels,Team1_FreeKicks,Team1_BallPosses,Team2_BigChances,Team2_TotalShots,Team2_Corners,Team2_Passes,Team2_Tackels,Team2_FreeKicks,Team2_BallPosses
Kayserispor,Antalyaspor,H,4-1-4-1,4-1-4-1,3.0,Bilal Bayazit,Joshua Brenet,Semih Güler,Stefano Denswil,Lionel Carole,Dorukhan Toköz,João Mendes,Furkan Soyalp,László Bénes,Miguel Cardoso,German Onugkha,Julián Cuesta,Hüseyin Türkmen,Veysel Sarı,Lautaro Giannetti,Kenneth Paal,Jesper Ceesay,Doğukan Sinik,Soner Dikmen,Dario Šarić,Nikola Storm,Sander van de Streek,7.6,6.9,7.5,7.4,6.6,6.6,6.7,6.8,6.3,7.5,6.4,6.9,6.8,6.4,7.1,6.0,6.7,6.9,6.4,7.0,7.4,6.2,1.0,0.0,3.0,15.0,5.0,342.0,13.0,9.0,0.53,2.0,11.0,5.0,294.0,8.0,12.0,0.47
Kayserispor,Göztepe,A,3-4-2-1,3-4-1-2,1.0,Bilal Bayazit,Dorukhan Toköz,Semih Güler,Stefano Denswil,Joshua Brenet,Furkan Soyalp,László Bénes,Lionel Carole,Miguel Cardoso,Ramazan Civelek,German Onugkha,Mateusz Lis,Allan,Héliton,Malcom Bokele,Ogün Bayrak,Anthony Junior Dennis,Novatus Miroshi,Amine Cherni,Filip Krastev,Janderson,Guilherme Luiz,7.1,7.8,7.1,7.0,6.9,7.2,6.6,7.2,6.7,6.6,6.6,8.7,7.2,6.8,7.0,6.9,6.9,7.3,7.0,6.7,6.6,6.3,0.0,0.0,2.0,10.0,3.0,313.0,22.0,14.0,0.45,1.0,17.0,6.0,373.0,19.0,9.0,0.55
Kayserispor,Göztepe,A,3-4-2-1,3-4-1-2,1.0,Bilal Bayazit,Dorukhan Toköz,Semih Güler,Stefano Denswil,Joshua Brenet,Furkan Soyalp,László Bénes,Lionel Carole,Miguel Cardoso,Ramazan Civelek,German Onugkha,Mateusz Lis,Allan,Héliton,Malcom Bokele,Ogün Bayrak,Anthony Junior Dennis,Novatus Miroshi,Amine Cherni,Filip Krastev,Janderson,Guilherme Luiz,7.1,7.8,7.1,7.0,6.9,7.2,6.6,7.2,6.7,6.6,6.6,8.7,7.2,6.8,7.0,6.9,6.9,7.3,7.0,6.7,6.6,6.3,0.0,0.0,2.0,10.0,3.0,313.0,22.0,14.0,0.45,1.0,17.0,6.0,373.0,19.0,9.0,0.55
Kayserispor,Kocaelispor,H,4-1-4-1,4-2-3-1,0.0,Deniz Eren Dönmezer,Dorukhan Toköz,Semih Güler,Stefano Denswil,Lionel Carole,Youssef Aït Bennasser,Miguel Cardoso,Görkem Sağlam,László Bénes,João Mendes,Fedor Chalov,Gökhan Değirmenci,Anfernee Dijksteel,Botond Balogh,Hrvoje Smolčić,Massadio Haïdara,Habib Keita,Show,Can Keleş,Tayfur Bingöl,Rigoberto Rivas,Bruno Petković,6.3,6.8,7.0,6.4,6.7,6.7,7.0,7.1,6.7,7.1,6.0,7.5,6.7,7.6,7.2,6.7,6.2,7.0,6.5,6.4,6.6,6.5,1.0,2.0,2.0,20.0,8.0,420.0,15.0,14.0,0.57,2.0,10.0,2.0,340.0,12.0,17.0,0.43
Kayserispor,Galatasaray,A,4-1-4-1,4-2-3-1,0.0,Bilal Bayazit,Aaron Opoku,Semih Güler,Stefano Denswil,Lionel Carole,Youssef Aït Bennasser,Ramazan Civelek,Furkan Soyalp,László Bénes,Miguel Cardoso,German Onugkha,Uğurcan Çakır,Roland Sallai,Davinson Sánchez,Abdülkerim Bardakcı,Eren Elmalı,Mario Lemina,Lucas Torreira,Yunus Akgün,Gabriel Sara,Noa Lang,Victor Osimhen,7.0,5.3,5.9,5.5,5.5,6.9,6.2,6.6,6.6,6.5,6.4,7.5,7.8,7.4,7.2,7.3,6.8,7.1,6.4,8.7,7.7,7.7,0.0,4.0,1.0,9.0,4.0,321.0,10.0,13.0,0.33,3.0,23.0,6.0,652.0,12.0,9.0,0.67
Kayserispor,Başakşehir FK,H,4-2-3-1,4-2-3-1,0.0,Bilal Bayazit,Aaron Opoku,Youssef Aït Bennasser,Stefano Denswil,Lionel Carole,Furkan Soyalp,László Bénes,Ramazan Civelek,João Mendes,Miguel Cardoso,German Onugkha,Muhammed Şengezer,Ömer Ali Şahiner,Léo Duarte,Jerome Opoku,Christopher Operi,Olivier Kemen,Umut Güneş,Abbosbek Fayzullaev,Eldor Shomurodov,Amine Harit,Davie Selke,7.0,5.8,6.3,5.4,6.4,6.8,6.4,6.2,6.9,6.5,6.5,7.5,6.9,6.9,7.2,7.2,6.6,7.0,6.4,7.3,7.6,6.9,0.0,3.0,0.0,7.0,10.0,331.0,10.0,18.0,0.45,5.0,13.0,4.0,417.0,6.0,7.0,0.55
Kayserispor,Beşiktaş JK,A,4-2-3-1,4-2-3-1,0.0,Bilal Bayazit,Aaron Opoku,Youssef Aït Bennasser,Stefano Denswil,Ramazan Civelek,Furkan Soyalp,László Bénes,Carlos Mané,João Mendes,Miguel Cardoso,German Onugkha,Ersin Destanoğlu,Gökhan Sazdağı,Felix Uduokhai,Emirhan Topçu,Rıdvan Yılmaz,Kartal Kayra Yılmaz,Orkun Kökçü,Václav Černý,Milot Rashica,El Bilal Touré,Tammy Abraham,6.6,6.5,7.8,6.9,7.6,7.4,7.2,6.7,7.0,6.9,6.2,7.5,7.9,7.6,8.2,7.6,7.7,8.4,6.7,6.4,7.3,6.1,0.0,1.0,1.0,9.0,2.0,290.0,16.0,12.0,0.31,1.0,31.0,9.0,637.0,16.0,15.0,0.69
Kayserispor,Konyaspor,A,4-2-3-1,4-1-4-1,1.0,Bilal Bayazit,Aaron Opoku,Youssef Aït Bennasser,Stefano Denswil,Ramazan Civelek,Furkan Soyalp,László Bénes,Carlos Mané,João Mendes,Miguel Cardoso,German Onugkha,Bahadır Han Güngördü,Yhoan Andzouana,Uğurcan Yazğılı,Yasir Subaşı,Guilherme Haubert Sityá,Jo Jin-ho,Jackson Muleka,Morten Bjørlo,Enis Bardhi,Pedrinho,Umut Nayir,6.7,7.1,7.4,6.7,6.2,6.7,7.0,6.3,6.8,7.0,8.0,6.9,7.1,7.1,6.8,7.0,6.9,6.3,7.1,7.1,6.8,7.7,1.0,1.0,3.0,13.0,2.0,367.0,17.0,13.0,0.43,1.0,16.0,3.0,507.0,11.0,11.0,0.57
Kayserispor,Alanyaspor,H,4-2-3-1,3-4-2-1,1.0,Bilal Bayazit,Aaron Opoku,Youssef Aït Bennasser,Stefano Denswil,Ramazan Civelek,Dorukhan Toköz,László Bénes,Carlos Mané,Indrit Tuci,Miguel Cardoso,German Onugkha,Ertuğrul Taşkıran,Nuno Lima,Fidan Aliti,Ümit Akdağ,Florent Hadergjonaj,Gaius Makouta,Fatih Aksoy,Ruan,Ianis Hagi,Ui-Jo Hwang,Uchenna Ogundu,9.2,6.9,6.8,7.3,6.7,7.0,6.5,6.9,7.2,7.2,6.6,8.0,7.3,7.7,7.2,7.4,6.3,6.5,7.0,6.6,6.6,6.2,0.0,0.0,2.0,10.0,3.0,323.0,15.0,12.0,0.42,5.0,14.0,8.0,440.0,13.0,9.0,0.58
Kayserispor,Çaykur Rizespor,A,4-2-3-1,4-2-3-1,3.0,Bilal Bayazit,Ramazan Civelek,Youssef Aït Bennasser,Stefano Denswil,Lionel Carole,Furkan Soyalp,László Bénes,Carlos Mané,João Mendes,Miguel Cardoso,German Onugkha,Yahia Fofana,Taha Şahin,Attila Mocsi,Modibo Sagnan,Casper Højer,Taylan Antalyalı,Giannis Papanikolaou,Jesurun Rak-Sakyi,Václav Jurečka,Emrecan Bulut,Ali Sowe,8.5,6.9,7.5,7.3,7.5,7.1,8.4,6.6,7.8,6.7,6.5,7.6,7.0,6.8,6.6,7.1,6.4,6.9,6.5,6.9,6.7,6.1,1.0,0.0,1.0,10.0,5.0,364.0,17.0,16.0,0.41,0.0,16.0,5.0,519.0,12.0,15.0,0.59
Kayserispor,Eyüpspor,A,4-2-3-1,4-2-3-1,1.0,Bilal Bayazit,Aaron Opoku,Youssef Aït Bennasser,Stefano Denswil,Lionel Carole,Furkan Soyalp,László Bénes,Carlos Mané,João Mendes,Miguel Cardoso,German Onugkha,Marcos Felipe,Serdar Gürler,Robin Yalçın,Emir Ortakaya,Nihad Mujakić,Taras Stepanenko,Mateusz Łęgowski,Denis Drăguş,Emre Akbaba,Prince Ampem,Umut Bozok,7.8,7.1,6.9,6.9,6.7,6.3,8.0,6.4,6.6,6.3,6.8,6.9,6.9,6.9,6.1,6.6,6.7,7.2,6.7,7.1,6.6,6.2,1.0,1.0,0.0,8.0,1.0,321.0,16.0,11.0,0.41,1.0,16.0,3.0,468.0,12.0,15.0,0.59
Kayserispor,Gaziantep FK,H,4-1-4-1,3-5-2,0.0,5.6,6.1,6.7,6.3,6.1,5.7,7,7,6.3,7,6.5,6.9,6.4,7.3,7,6.6,7,6.8,8.1,6.7,8.9,7.7,5.6,6.1,6.7,6.3,6.1,5.7,7.0,7.0,6.3,7.0,6.5,6.9,6.4,7.3,7.0,6.6,7.0,6.8,8.1,6.7,8.9,7.7,0.0,3.0,0.0,15.0,3.0,425.0,14.0,11.0,0.57,3.0,6.0,0.0,328.0,9.0,13.0,0.43
Kayserispor,Fenerbahçe,A,4-1-4-1,4-1-4-1,0.0,Onurcan Piri,Ramazan Civelek,Majid Hosseini,Stefano Denswil,Lionel Carole,Youssef Aït Bennasser,Carlos Mané,Furkan Soyalp,László Bénes,Miguel Cardoso,German Onugkha,Ederson,Nélson Semedo,Milan Škriniar,Jayden Oosterwolde,Levent Mercan,Edson Álvarez,Dorgeles Nene,Marco Asensio,Fred,Kerem Aktürkoğlu,Anderson Talisca,6.0,6.0,6.9,6.0,6.3,6.3,6.4,6.2,6.5,6.9,8.3,6.9,6.6,6.5,6.7,6.8,7.2,8.7,8.0,8.0,8.6,6.4,2.0,4.0,4.0,5.0,2.0,327.0,5.0,13.0,0.38,5.0,28.0,8.0,532.0,14.0,7.0,0.62
Kayserispor,Kasımpaşa,H,4-1-4-1,4-3-3,3.0,Onurcan Piri,Ramazan Civelek,Majid Hosseini,Stefano Denswil,Lionel Carole,Dorukhan Toköz,Aaron Opoku,Furkan Soyalp,João Mendes,Carlos Mané,German Onugkha,Andreas Gianniotis,Cláudio Winck,Nicholas Opoku,Attila Szalai,Godfried Frimpong,Cem Üstündag,Andri Baldursson,Cafú,Mamadou Fall,Pape Habib Gueye,Yusuf Barası,7.5,6.6,6.5,7.4,6.8,6.9,6.4,7.7,8.1,6.3,6.5,6.1,7.3,7.3,6.5,5.8,6.0,6.5,7.1,6.1,5.7,6.2,3.0,2.0,4.0,11.0,4.0,313.0,12.0,15.0,0.43,1.0,11.0,6.0,403.0,10.0,12.0,0.57
Kayserispor,Fatih Karagümrük,A,4-2-3-1,4-2-3-1,1.0,Bilal Bayazit,Ramazan Civelek,Stefano Denswil,Arif Kocaman,Abdulsamet Burak,Furkan Soyalp,Youssef Aït Bennasser,Carlos Mané,László Bénes,Miguel Cardoso,German Onugkha,Ivo Grbić,Atakan Çankaya,Enzo Roco,Anıl Yiğit Çınar,Çağtay Kurukalıp,Berkay Özcan,Matías Kranevitter,Serginho,Sam Larsson,Ahmet Sivri,David Datro Fofana,6.6,6.0,6.7,6.5,6.1,6.3,6.8,6.6,6.6,5.7,8.6,7.1,8.6,7.8,6.4,7.1,7.1,6.4,6.2,6.9,6.0,6.2,2.0,2.0,4.0,13.0,7.0,407.0,23.0,16.0,0.53,3.0,10.0,1.0,365.0,21.0,20.0,0.47
Kayserispor,Samsunspor,H,4-2-3-1,4-1-4-1,0.0,Bilal Bayazit,Ramazan Civelek,Stefano Denswil,Arif Kocaman,Lionel Carole,Furkan Soyalp,Youssef Aït Bennasser,Carlos Mané,László Bénes,Miguel Cardoso,Indrit Tuci,Okan Koçuk,Zeki Yavru,Ľubomír Šatka,Rick Van Drongelen,Logi Tomasson,Antoine Makoumbou,Tanguy Coulibaly,Carlo Holse,Olivier Ntcham,Anthony Musaba,Marius Mouandilmadji,6.8,6.5,6.1,5.7,6.8,7.0,7.0,6.3,6.6,6.4,5.8,7.0,7.2,6.8,7.9,7.5,7.0,7.1,8.3,6.8,6.4,5.9,1.0,3.0,3.0,14.0,6.0,406.0,13.0,11.0,0.54,8.0,13.0,5.0,350.0,16.0,13.0,0.46
Kayserispor,Trabzonspor,A,4-1-4-1,4-2-3-1,0.0,Bilal Bayazit,Ramazan Civelek,Stefano Denswil,Lionel Carole,Abdulsamet Burak,Dorukhan Toköz,Aaron Opoku,Furkan Soyalp,László Bénes,Miguel Cardoso,German Onugkha,André Onana,Wagner Pina,Stefan Savić,Arseniy Batagov,Mustafa Eskihellaç,Okay Yokuşlu,Tim Jabol-Folcarelli,Oleksandr Zubkov,Christ Inao Oulaï,Felipe Augusto,Paul Onuachu,6.9,6.0,5.8,5.7,5.6,6.7,7.0,6.6,6.3,6.2,6.3,9.1,7.2,8.3,7.3,8.3,8.1,7.1,8.4,7.6,7.4,7.5,0.0,4.0,2.0,17.0,2.0,397.0,14.0,15.0,0.48,8.0,25.0,6.0,430.0,8.0,13.0,0.52
Kayserispor,Gençlerbirliği,H,4-1-4-1,4-3-3,1.0,Bilal Bayazit,Ramazan Civelek,Stefano Denswil,Lionel Carole,Abdulsamet Burak,Dorukhan Toköz,Aaron Opoku,Furkan Soyalp,László Bénes,Miguel Cardoso,German Onugkha,Erhan Erentürk,Pedro Pereira,Dimitris Goutas,Thalisson Kelven,Matěj Hanousek,Oğulcan Ülgün,Tom Dele-Bashiru,Dal Varešanović,Göktan Gürpüz,M'Baye Niang,Franco Tongya,6.4,6.5,6.7,7.2,6.4,6.5,7.0,7.0,7.9,7.1,6.5,7.9,6.5,7.1,6.6,6.5,7.9,6.9,6.5,6.3,6.4,6.3,1.0,1.0,4.0,23.0,10.0,438.0,11.0,16.0,0.72,1.0,2.0,0.0,182.0,10.0,16.0,0.28
Kayserispor,Beşiktaş JK,H,5-3-2,4-2-3-1,0.0,Bilal Bayazit,Ramazan Civelek,Arif Kocaman,Lionel Carole,Kayra Cihan,Nurettin Korkmaz,Gideon Jung,Aaron Opoku,Dorukhan Toköz,Indrit Tuci,Miguel Cardoso,Mert Günok,Jonas Svensson,Emirhan Topçu,Felix Uduokhai,David Jurásek,Wilfred Ndidi,Orkun Kökçü,Milot Rashica,Rafa Silva,Devrim Şahin,Tammy Abraham,7.0,5.7,5.9,7.0,5.2,5.4,6.2,6.4,5.8,6.5,6.4,7.4,7.1,7.0,6.9,7.1,6.9,7.4,6.9,10.0,6.4,7.7,0.0,4.0,1.0,6.0,4.0,401.0,15.0,14.0,0.51,5.0,13.0,5.0,392.0,10.0,17.0,0.49
Kayserispor,Antalyaspor,A,4-1-4-1,4-2-3-1,1.0,Bilal Bayazit,Ramazan Civelek,Stefano Denswil,Abdulsamet Burak,Lionel Carole,Dorukhan Toköz,Aaron Opoku,João Mendes,László Bénes,Miguel Cardoso,German Onugkha,Julián Cuesta,Bünyamin Balcı,Lautaro Giannetti,Georgiy Dzhikiya,Kenneth Paal,Soner Dikmen,Hasan Yakub İlçin,Abdülkadir Ömür,Ramzi Safuri,Nikola Storm,Sander van de Streek,7.5,6.5,7.3,6.3,7.3,6.2,6.4,6.6,7.7,5.7,6.4,6.8,7.3,7.1,7.9,6.9,7.3,7.4,6.2,7.5,6.7,6.5,1.0,1.0,2.0,14.0,4.0,359.0,14.0,12.0,0.47,2.0,13.0,10.0,405.0,8.0,18.0,0.53
Kayserispor,Göztepe,H,4-1-4-1,3-4-1-2,1.0,Onurcan Piri,Ramazan Civelek,Gideon Jung,Stefano Denswil,Lionel Carole,Dorukhan Toköz,Carlos Mané,João Mendes,László Bénes,Miguel Cardoso,German Onugkha,Mateusz Lis,Taha Altıkardeş,Héliton,Malcom Bokele,Arda Kurtulan,Rhaldney,Anthony Junior Dennis,Amine Cherni,Junior Olaitan,Janderson,Juan Santos da Silva,7.7,6.4,6.8,6.9,6.7,6.8,6.9,6.9,7.3,7.9,6.8,7.8,6.4,6.6,6.6,6.5,6.9,6.4,6.5,7.1,6.4,6.3,1.0,1.0,2.0,8.0,3.0,328.0,10.0,17.0,0.53,0.0,13.0,7.0,301.0,7.0,12.0,0.47
Kayserispor,Kocaelispor,A,4-1-4-1,4-3-3,1.0,Bilal Bayazit,Gökhan Sazdağı,Abdulsamet Burak,Stefano Denswil,Lionel Carole,Yaw Ackah,Ramazan Civelek,João Mendes,László Bénes,Miguel Cardoso,Indrit Tuci,Aleksandar Jovanović,Anfernee Dijksteel,Aaron Appindangoyé,Oleksandr Syrota,Muharrem Cinan,Tayfur Bingöl,Show,Joseph Nonge,Can Keleş,Bruno Petković,Ryan Mendes,7.0,6.6,7.5,7.0,7.1,6.5,6.5,7.0,7.5,6.2,5.9,6.6,6.7,6.7,6.7,7.0,6.2,6.8,7.3,6.0,8.2,6.5,1.0,1.0,1.0,12.0,7.0,424.0,14.0,12.0,0.57,4.0,10.0,4.0,326.0,11.0,13.0,0.43
Kayserispor,Galatasaray,H,4-1-4-1,4-2-3-1,0.0,Bilal Bayazit,Gökhan Sazdağı,Gideon Jung,Stefano Denswil,Lionel Carole,Dorukhan Toköz,Ramazan Civelek,João Mendes,László Bénes,Aaron Opoku,Miguel Cardoso,Günay Güvenç,Roland Sallai,Davinson Sánchez,Abdülkerim Bardakcı,Ismail Jakobs,Lucas Torreira,Gabriel Sara,Leroy Sané,Yunus Akgün,Eren Elmalı,Victor Osimhen,5.7,5.5,5.6,6.2,5.9,6.7,7.0,6.5,7.0,6.5,6.5,7.4,7.0,7.4,7.3,6.9,7.6,6.8,9.3,7.2,8.4,6.1,0.0,4.0,1.0,8.0,6.0,254.0,12.0,8.0,0.34,8.0,19.0,3.0,521.0,11.0,5.0,0.66
Kayserispor,Başakşehir FK,A,4-2-3-1,4-4-1-1,1.0,Bilal Bayazit,Gökhan Sazdağı,Majid Hosseini,Stefano Denswil,Lionel Carole,Gideon Jung,Yaw Ackah,Carlos Mané,João Mendes,Miguel Cardoso,Aaron Opoku,Muhammed Şengezer,Festy Ebosele,Léo Duarte,Jerome Opoku,Onur Bulut,Deniz Türüç,Onur Ergün,Umut Güneş,Ivan Brnić,Eldor Shomurodov,Nuno Da Costa,6.6,6.7,8.5,6.5,6.6,6.3,6.7,6.4,6.7,7.2,6.1,6.6,7.8,6.8,6.5,6.3,7.9,7.7,6.4,8.2,6.7,6.7,1.0,1.0,0.0,9.0,7.0,354.0,17.0,12.0,0.43,1.0,13.0,5.0,481.0,16.0,13.0,0.57
Kayserispor,Samsunspor,A,4-1-4-1,4-1-4-1,0.0,Onurcan Piri,Anthony Uzodimma,Dimitris Kolovetsios,Kayra Cihan,Lionel Carole,Joseph Attamah,Nurettin Korkmaz,Baran Ali Gezek,Yaw Ackah,Miguel Cardoso,Duckens Nazon,Okan Koçuk,Zeki Yavru,Ľubomír Šatka,Rick Van Drongelen,Marc Bola,Youssef Aït Bennasser,Kingsley Schindler,Carlo Holse,Olivier Ntcham,Emre Kılınç,Marius Mouandilmadji,9.4,6.8,6.4,6.9,6.9,6.9,6.7,7.1,6.7,7.2,7.4,6.9,7.7,7.5,7.5,7.1,7.5,6.7,7.7,7.3,9.0,6.7,1.0,2.0,0.0,8.0,4.0,231.0,15.0,8.0,0.27,4.0,32.0,12.0,631.0,12.0,5.0,0.73
Kayserispor,Bodrum FK,H,4-1-4-1,4-2-3-1,1.0,Onurcan Piri,Gökhan Sazdağı,Majid Hosseini,Joseph Attamah,Lionel Carole,Kartal Kayra Yılmaz,Ramazan Civelek,Baran Ali Gezek,Mehmet Eray Özbek,Miguel Cardoso,Duckens Nazon,Diogo Sousa,Uzeyir Ergun,Arlind Ajeti,Ali Aytemur,Cenk Şen,Taylan Antalyalı,Fredy,Pedro Brazão,Enis Bardhi,Taulant Seferi,Gökdeniz Bayrakdar,7.5,7.7,7.1,6.7,7.0,7.0,6.6,7.0,6.8,6.3,6.9,7.5,7.0,6.7,6.7,6.8,6.6,7.1,7.8,7.6,6.7,6.8,1.0,1.0,1.0,10.0,8.0,381.0,17.0,13.0,0.56,3.0,17.0,6.0,301.0,14.0,12.0,0.44
Kayserispor,Galatasaray,A,4-2-3-1,4-2-3-1,0.0,Bilal Bayazit,Gökhan Sazdağı,Majid Hosseini,Joseph Attamah,Lionel Carole,Ali Karimi,Kartal Kayra Yılmaz,Ramazan Civelek,Mehdi Bourabia,Miguel Cardoso,Duckens Nazon,Fernando Muslera,Roland Sallai,Davinson Sánchez,Abdülkerim Bardakcı,Eren Elmalı,Lucas Torreira,Mario Lemina,Yunus Akgün,Gabriel Sara,Barış Alper Yılmaz,Victor Osimhen,6.5,6.4,6.7,6.9,6.7,6.5,6.8,6.5,6.3,6.3,6.3,7.9,7.3,7.3,7.1,7.8,7.9,7.1,7.1,7.8,7.2,8.2,0.0,3.0,2.0,4.0,3.0,336.0,15.0,13.0,0.41,4.0,24.0,5.0,485.0,8.0,8.0,0.59
Kayserispor,Antalyaspor,H,4-2-3-1,4-2-3-1,3.0,Bilal Bayazit,Gökhan Sazdağı,Majid Hosseini,Joseph Attamah,Lionel Carole,Ali Karimi,Kartal Kayra Yılmaz,Ramazan Civelek,Mehdi Bourabia,Miguel Cardoso,Duckens Nazon,Abdullah Yiğiter,Thalisson Kelven,Veysel Sarı,Bahadır Öztürk,Abdurrahim Dursun,Erdal Rakip,Jakub Kałuziński,Güray Vural,Sam Larsson,Sander van de Streek,Braian Samudio,6.5,6.7,6.5,6.6,6.7,7.0,7.1,7.5,6.2,10.0,6.0,6.8,6.6,6.7,6.4,6.5,6.8,7.0,6.9,6.6,6.6,6.8,3.0,1.0,3.0,12.0,6.0,429.0,5.0,5.0,0.5,0.0,6.0,1.0,438.0,16.0,11.0,0.5
Kayserispor,Alanyaspor,A,4-1-4-1,3-4-2-1,1.0,Bilal Bayazit,Gökhan Sazdağı,Majid Hosseini,Julian Jeanvier,Lionel Carole,Joseph Attamah,Ramazan Civelek,Ali Karimi,Kartal Kayra Yılmaz,Miguel Cardoso,Talha Sariarslan,Ertuğrul Taşkıran,Nuno Lima,Fidan Aliti,Jure Balkovec,Florent Hadergjonaj,Richard Cândido,Nicolas Janvier,Tonny Vilhena,Sergio Córdova,Ui-Jo Hwang,Andraž Šporar,6.6,6.7,6.6,6.4,6.7,7.0,7.4,6.5,6.9,6.7,6.6,6.7,7.4,7.1,7.3,7.5,7.2,6.8,6.9,7.8,6.9,7.1,1.0,1.0,1.0,7.0,6.0,373.0,12.0,5.0,0.44,3.0,16.0,4.0,471.0,9.0,21.0,0.56
Kayserispor,Çaykur Rizespor,H,4-2-3-1,4-4-2,3.0,Bilal Bayazit,Gökhan Sazdağı,Majid Hosseini,Joseph Attamah,Lionel Carole,Ali Karimi,Kartal Kayra Yılmaz,Ramazan Civelek,Mehdi Bourabia,Miguel Cardoso,Duckens Nazon,Ivo Grbić,Taha Şahin,Attila Mocsi,Husniddin Alikulov,Casper Højer,Babajide David Akintola,Mithat Pala,Berkay Özcan,Václav Jurečka,Ali Sowe,Ibrahim Olawoyin,6.7,7.2,7.5,7.8,7.2,7.5,7.3,6.5,7.5,7.3,6.5,6.7,7.4,7.1,7.1,7.6,6.6,7.2,7.2,6.8,6.8,6.5,1.0,0.0,3.0,12.0,1.0,362.0,13.0,9.0,0.48,1.0,15.0,7.0,378.0,13.0,10.0,0.52
Kayserispor,Fenerbahçe,A,5-4-1,4-2-3-1,1.0,Bilal Bayazit,Gökhan Sazdağı,Joseph Attamah,Julian Jeanvier,Lionel Carole,Nurettin Korkmaz,Ramazan Civelek,Baran Ali Gezek,Ali Karimi,Carlos Mané,Duckens Nazon,Dominik Livaković,Bright Osayi-Samuel,Diego Carlos,Milan Škriniar,Mert Müldür,Fred,Sebastian Szymański,Dušan Tadić,Anderson Talisca,Allan Saint-Maximin,Youssef En-Nesyri,6.9,8.3,7.3,6.7,7.1,6.4,6.4,6.2,6.2,6.3,6.9,6.0,6.8,6.6,6.0,7.0,7.0,6.5,7.4,8.1,7.8,7.1,3.0,3.0,3.0,4.0,0.0,218.0,20.0,10.0,0.28,7.0,27.0,12.0,532.0,11.0,10.0,0.72
Kayserispor,Kasımpaşa,H,4-2-3-1,3-1-4-2,3.0,Bilal Bayazit,Ramazan Civelek,Majid Hosseini,Dimitris Kolovetsios,Lionel Carole,Joseph Attamah,Kartal Kayra Yılmaz,Carlos Mané,Mehdi Bourabia,Miguel Cardoso,Stéphane Bahoken,Andreas Gianniotis,Kamil Piątkowski,Sadık Çiftpınar,Yasin Özcan,Aytaç Kara,Jhon Espinoza,Haris Hajradinović,Mortadha Ben Ouanes,Kévin Rodrigues,Mamadou Fall,Nuno Da Costa,7.5,6.7,6.4,6.7,7.0,7.0,7.5,6.7,6.1,7.5,6.7,6.4,6.7,7.0,7.2,7.3,6.9,6.5,6.9,7.6,6.4,7.4,1.0,0.0,0.0,7.0,3.0,353.0,8.0,15.0,0.48,1.0,10.0,8.0,374.0,19.0,13.0,0.52
Kayserispor,Adana Demirspor,A,4-2-3-1,5-3-2,3.0,Bilal Bayazit,Gökhan Sazdağı,Majid Hosseini,Dimitris Kolovetsios,Lionel Carole,Kartal Kayra Yılmaz,Joseph Attamah,Ramazan Civelek,Mehdi Bourabia,Miguel Cardoso,Stéphane Bahoken,Vedat Karakuş,Arda Kurtulan,Burhan Ersoy,Tolga Kalender,Abdulsamet Burak,Osman Kaynak,İzzet Çelik,Maestro,Tayfun Aydoğan,Salih Kavrazlı,Nabil Alioui,7.7,7.6,7.6,7.0,7.5,7.7,7.0,7.4,7.1,7.1,7.3,7.6,6.9,6.5,7.0,6.7,6.5,6.9,7.0,6.6,6.6,6.7,2.0,0.0,2.0,10.0,7.0,502.0,19.0,10.0,0.54,0.0,12.0,7.0,421.0,13.0,14.0,0.46
Kayserispor,Hatayspor,H,4-2-3-1,4-2-3-1,3.0,Bilal Bayazit,Gökhan Sazdağı,Majid Hosseini,Joseph Attamah,Lionel Carole,Ali Karimi,Kartal Kayra Yılmaz,Ramazan Civelek,Mehdi Bourabia,Miguel Cardoso,Stéphane Bahoken,Visar Bekaj,Kerim Alıcı,Guy-Marcelin Kilama,Recep Burak Yılmaz,Cemali Sertel,Chandrel Massanga,Abdulkadir Parmak,Bilal Boutobba,Görkem Sağlam,Funsho Bamgboye,Carlos Strandberg,7.6,8.2,7.2,7.7,7.0,8.5,7.8,7.8,6.7,7.2,7.3,7.3,6.4,5.9,6.7,6.5,7.3,6.6,6.7,6.8,7.0,6.5,5.0,0.0,9.0,20.0,8.0,302.0,20.0,5.0,0.44,2.0,14.0,3.0,392.0,18.0,14.0,0.56
Kayserispor,Gaziantep FK,A,4-2-3-1,4-3-3,0.0,Bilal Bayazit,Ramazan Civelek,Majid Hosseini,Joseph Attamah,Lionel Carole,Ali Karimi,Kartal Kayra Yılmaz,Carlos Mané,Mehdi Bourabia,Miguel Cardoso,Duckens Nazon,Mustafa Burak Bozan,Salem M'Bakata,Semih Güler,Anel Husić,Emre Taşdemir,Kacper Kozłowski,Badou Ndiaye,Alexandru Maxim,Christophe Lungoyi,Emmanuel Boateng,David Okereke,6.8,7.1,7.1,7.2,6.5,6.8,7.0,6.8,5.8,7.3,6.7,7.9,7.2,7.0,7.4,7.1,7.5,7.1,6.6,6.6,6.5,7.7,0.0,1.0,6.0,15.0,4.0,371.0,12.0,12.0,0.57,1.0,14.0,3.0,279.0,16.0,18.0,0.43
Kayserispor,Başakşehir FK,H,4-2-3-1,4-1-4-1,3.0,Bilal Bayazit,Ramazan Civelek,Dimitris Kolovetsios,Joseph Attamah,Lionel Carole,Ali Karimi,Kartal Kayra Yılmaz,Carlos Mané,Mehdi Bourabia,Miguel Cardoso,Duckens Nazon,Muhammed Şengezer,Léo Duarte,Ousseynou Ba,Jerome Opoku,Lucas Lima,Miguel Crespo,Yusuf Sarı,Olivier Kemen,Deniz Türüç,João Figueiredo,Krzysztof Piątek,6.6,6.9,7.1,7.2,6.7,6.9,7.2,7.2,7.7,7.8,6.7,6.1,6.7,6.4,6.4,6.5,6.6,6.9,6.8,7.4,6.4,6.9,3.0,1.0,2.0,11.0,4.0,313.0,11.0,17.0,0.39,1.0,11.0,7.0,467.0,14.0,17.0,0.61
Kayserispor,Beşiktaş JK,A,4-2-3-1,4-2-3-1,0.0,Bilal Bayazit,Gökhan Sazdağı,Dimitris Kolovetsios,Joseph Attamah,Hasan Ali Kaldırım,Ali Karimi,Kartal Kayra Yılmaz,Carlos Mané,Mehdi Bourabia,Miguel Cardoso,Duckens Nazon,Mert Günok,Jonas Svensson,Emirhan Topçu,Felix Uduokhai,Arthur Masuaku,Gedson Fernandes,Alex Oxlade-Chamberlain,Milot Rashica,Rafa Silva,João Mário,Ciro Immobile,7.2,6.9,6.6,6.8,6.4,6.6,6.5,6.5,6.4,7.3,7.1,7.2,7.5,8.2,7.2,7.5,7.6,6.8,6.7,7.6,7.5,6.9,0.0,2.0,0.0,8.0,5.0,450.0,25.0,8.0,0.51,1.0,13.0,4.0,448.0,15.0,14.0,0.49
Kayserispor,Göztepe,H,4-2-3-1,3-4-2-1,3.0,Bilal Bayazit,Gökhan Sazdağı,Dimitris Kolovetsios,Joseph Attamah,Hasan Ali Kaldırım,Ali Karimi,Kartal Kayra Yılmaz,Carlos Mané,Mehdi Bourabia,Miguel Cardoso,Duckens Nazon,Mateusz Lis,Furkan Bayır,Koray Günter,Lasse Nielsen,Ogün Bayrak,Anthony Junior Dennis,Novatus Miroshi,Djalma,Victor Hugo,David Tijanič,Kuryu Matsuki,7.3,7.1,7.2,7.8,7.3,7.0,7.3,7.0,6.4,7.4,7.1,7.1,6.9,7.0,7.1,6.7,6.6,6.9,7.2,6.6,6.6,6.2,1.0,0.0,4.0,10.0,5.0,351.0,32.0,14.0,0.5,2.0,15.0,3.0,361.0,14.0,14.0,0.5
Kayserispor,Eyüpspor,A,4-1-4-1,4-1-4-1,1.0,Bilal Bayazit,Gökhan Sazdağı,Dimitris Kolovetsios,Joseph Attamah,Ramazan Civelek,Yaw Ackah,Carlos Mané,Ali Karimi,Kartal Kayra Yılmaz,Miguel Cardoso,Mehdi Bourabia,Berke Özer,Rúben Vezo,Robin Yalçın,Luccas Claro,Umut Meraş,Melih Kabasakal,Halil Akbunar,Emre Mor,Tayfur Bingöl,Prince Ampem,Mame Thiam,6.7,6.7,6.6,7.4,6.4,6.6,7.5,7.1,7.8,6.1,6.4,7.4,7.2,7.1,7.3,8.1,7.0,7.5,7.5,7.1,6.9,6.5,1.0,1.0,1.0,8.0,6.0,295.0,26.0,12.0,0.39,0.0,6.0,4.0,478.0,27.0,15.0,0.61
Kayserispor,Konyaspor,H,4-2-3-1,4-2-3-1,3.0,Bilal Bayazit,Gökhan Sazdağı,Dimitris Kolovetsios,Arif Kocaman,Hasan Ali Kaldırım,Ali Karimi,Kartal Kayra Yılmaz,Carlos Mané,Mehdi Bourabia,Miguel Cardoso,Duckens Nazon,Jakub Słowik,Nikola Boranijašević,Riechedly Bazoer,Adil Demirbağ,Guilherme Haubert Sityá,Oğulcan Ülgün,Marko Jevtović,Muhammet Tunahan Taşçı,Danijel Aleksić,Yusuf Erdoğan,Blaž Kramer,7.0,7.1,6.7,6.4,6.4,6.7,7.2,6.9,7.0,8.2,8.8,7.0,6.4,6.7,7.1,6.6,6.6,7.0,6.5,7.6,6.3,7.4,3.0,2.0,3.0,14.0,4.0,312.0,20.0,11.0,0.41,2.0,18.0,7.0,430.0,8.0,16.0,0.59
Kayserispor,Trabzonspor,H,4-2-3-1,4-2-3-1,1.0,Bilal Bayazit,Gökhan Sazdağı,Dimitris Kolovetsios,Arif Kocaman,Hasan Ali Kaldırım,Ali Karimi,Kartal Kayra Yılmaz,Carlos Mané,Mehdi Bourabia,Miguel Cardoso,Duckens Nazon,Uğurcan Çakır,Pedro Malheiro,Stefan Savić,Arseniy Batagov,Eren Elmalı,Batista Mendy,Umut Güneş,Edin Višća,Ozan Tufan,Danylo Sikan,Simon Banza,7.3,7.3,7.0,7.6,7.2,7.2,7.9,6.9,6.9,7.3,6.4,8.6,7.1,7.7,7.5,6.9,6.5,6.6,7.3,6.7,6.5,6.6,0.0,0.0,2.0,11.0,4.0,264.0,19.0,9.0,0.36,3.0,9.0,4.0,496.0,8.0,17.0,0.64
Kayserispor,Sivasspor,A,4-2-3-1,4-3-3,0.0,Onurcan Piri,Gökhan Sazdağı,Joseph Attamah,Dimitris Kolovetsios,Hasan Ali Kaldırım,Ali Karimi,Kartal Kayra Yılmaz,Ramazan Civelek,Miguel Cardoso,Carlos Mané,Stéphane Bahoken,Ali Şaşal Vural,Murat Paluli,Uroš Radaković,Noah Sonko Sundberg,Uğur Çiftçi,Samuel Moutoussamy,Tolga Ciğerci,Charis Charisis,Emrah Başsan,Rey Manaj,Garry Rodrigues,6.4,6.5,5.9,6.2,6.2,6.4,7.3,6.5,6.4,6.8,4.0,5.7,6.9,7.1,6.8,6.9,7.6,7.2,7.1,9.6,9.9,6.6,2.0,5.0,6.0,15.0,6.0,361.0,10.0,8.0,0.43,7.0,19.0,6.0,480.0,7.0,14.0,0.57
Kayserispor,Samsunspor,H,4-2-3-1,4-2-3-1,0.0,Onurcan Piri,Joseph Attamah,Julian Jeanvier,Dimitris Kolovetsios,Hasan Ali Kaldırım,Baran Ali Gezek,Kartal Kayra Yılmaz,Aylton Boa Morte,Miguel Cardoso,Carlos Mané,Stéphane Bahoken,Okan Koçuk,Zeki Yavru,Ľubomír Šatka,Rick Van Drongelen,Marc Bola,Celil Yüksel,Soner Aydoğdu,Kingsley Schindler,Carlo Holse,Emre Kılınç,Marius Mouandilmadji,6.8,6.8,7.0,6.8,7.3,6.1,7.5,6.9,6.8,6.5,7.1,7.2,7.4,7.2,7.3,7.4,7.0,6.7,7.2,7.2,7.2,7.4,0.0,1.0,1.0,8.0,5.0,485.0,11.0,14.0,0.61,2.0,11.0,3.0,309.0,17.0,15.0,0.39
Kayserispor,Bodrum FK,A,4-2-3-1,4-3-3,1.0,Onurcan Piri,Gökhan Sazdağı,Julian Jeanvier,Dimitris Kolovetsios,Hasan Ali Kaldırım,Baran Ali Gezek,Joseph Attamah,Aylton Boa Morte,Kartal Kayra Yılmaz,Miguel Cardoso,Stéphane Bahoken,Diogo Sousa,Ege Bilsel,Arlind Ajeti,Ali Aytemur,Cenk Şen,Fredy,Taylan Antalyalı,Musah Mohammed,Gökdeniz Bayrakdar,Taulant Seferi,Zdravko Dimitrov,6.9,6.8,7.1,6.4,6.5,6.8,6.5,6.8,7.2,6.3,7.2,6.7,6.6,6.6,6.7,7.7,7.8,6.8,7.0,6.6,7.3,6.8,1.0,1.0,1.0,8.0,6.0,333.0,17.0,10.0,0.5,2.0,14.0,6.0,335.0,15.0,13.0,0.5
Kayserispor,Galatasaray,H,4-2-3-1,4-2-3-1,0.0,Onurcan Piri,Gökhan Sazdağı,Joseph Attamah,Julian Jeanvier,Lionel Carole,Kartal Kayra Yılmaz,Ali Karimi,Aylton Boa Morte,Miguel Cardoso,Hasan Ali Kaldırım,Stéphane Bahoken,Fernando Muslera,Kaan Ayhan,Davinson Sánchez,Abdülkerim Bardakcı,Ismail Jakobs,Lucas Torreira,Gabriel Sara,Yunus Akgün,Dries Mertens,Barış Alper Yılmaz,Victor Osimhen,7.1,7.5,5.9,7.0,5.7,7.3,6.3,6.0,6.4,6.3,7.7,8.2,6.7,7.1,7.3,6.9,6.6,6.8,9.2,7.5,8.0,9.3,1.0,5.0,3.0,15.0,7.0,355.0,16.0,5.0,0.5,7.0,20.0,7.0,352.0,4.0,6.0,0.5
Kayserispor,Antalyaspor,A,4-5-1,4-2-3-1,0.0,Onurcan Piri,Gökhan Sazdağı,Joseph Attamah,Julian Jeanvier,Lionel Carole,Aylton Boa Morte,Baran Ali Gezek,Ali Karimi,Mehdi Bourabia,Hasan Ali Kaldırım,Stéphane Bahoken,Kenan Pirić,Mert Yilmaz,Veysel Sarı,Thalisson Kelven,Erdoğan Yeşilyurt,Oleksandr Petrusenko,Jakub Kałuziński,Soner Dikmen,Sam Larsson,Sander van de Streek,Adolfo Gaich,6.5,7.0,6.1,6.9,6.4,6.4,6.6,6.5,7.0,6.6,6.4,7.6,7.5,7.7,7.9,7.6,6.6,7.5,6.6,6.3,7.0,6.4,0.0,2.0,1.0,6.0,9.0,430.0,13.0,13.0,0.49,4.0,10.0,4.0,455.0,16.0,17.0,0.51
Kayserispor,Alanyaspor,H,4-2-3-1,4-2-3-1,3.0,Onurcan Piri,Gökhan Sazdağı,Joseph Attamah,Dimitris Kolovetsios,Lionel Carole,Kartal Kayra Yılmaz,Ali Karimi,Aylton Boa Morte,Miguel Cardoso,Carlos Mané,Duckens Nazon,Ertuğrul Taşkıran,Florent Hadergjonaj,Fatih Aksoy,Fidan Aliti,Jure Balkovec,Richard Cândido,Gaius Makouta,Loide Augusto,Efecan Karaca,Ui-Jo Hwang,Sergio Córdova,8.2,7.0,7.3,7.3,6.9,7.4,6.9,7.9,6.9,7.8,6.5,7.3,6.5,7.2,7.3,7.6,6.0,6.7,6.5,5.9,6.4,6.6,2.0,0.0,3.0,11.0,5.0,260.0,15.0,10.0,0.39,1.0,9.0,10.0,402.0,14.0,15.0,0.61
Kayserispor,Çaykur Rizespor,A,5-3-2,4-2-3-1,0.0,Onurcan Piri,Gökhan Sazdağı,Joseph Attamah,Dimitris Kolovetsios,Lionel Carole,Hasan Ali Kaldırım,Mehdi Bourabia,Ali Karimi,Kartal Kayra Yılmaz,Stéphane Bahoken,Aylton Boa Morte,Ivo Grbić,Taha Şahin,Attila Mocsi,Husniddin Alikulov,Mithat Pala,Giannis Papanikolaou,Ibrahim Olawoyin,Rachid Ghezzal,Dal Varešanović,Emrecan Bulut,Ali Sowe,6.5,7.1,6.8,6.6,5.8,6.5,6.4,6.3,6.8,6.0,6.7,7.6,8.8,7.0,7.1,7.1,6.8,7.4,7.8,6.9,7.2,7.8,0.0,3.0,1.0,8.0,8.0,423.0,15.0,9.0,0.45,4.0,12.0,3.0,507.0,20.0,11.0,0.55
Kayserispor,Fenerbahçe,H,5-3-2,4-2-3-1,0.0,Bilal Bayazit,Gökhan Sazdağı,Mehdi Bourabia,Dimitris Kolovetsios,Lionel Carole,Hasan Ali Kaldırım,Ramazan Civelek,Kartal Kayra Yılmaz,Baran Ali Gezek,Stéphane Bahoken,Miguel Cardoso,Dominik Livaković,Bright Osayi-Samuel,Samet Akaydın,Alexander Djiku,Filip Kostić,Sofyan Amrabat,Fred,Dušan Tadić,Mert Hakan Yandaş,Oğuz Aydın,Youssef En-Nesyri,6.4,5.7,6.0,6.9,6.1,6.2,6.2,7.5,6.3,7.0,7.6,6.3,6.4,6.8,6.5,7.8,6.5,7.5,8.5,7.1,8.7,7.2,2.0,6.0,2.0,16.0,10.0,377.0,19.0,11.0,0.49,6.0,17.0,5.0,420.0,15.0,10.0,0.51
Kayserispor,Kasımpaşa,A,5-3-2,4-1-4-1,3.0,Bilal Bayazit,Gökhan Sazdağı,Joseph Attamah,Dimitris Kolovetsios,Lionel Carole,Hasan Ali Kaldırım,Mehdi Bourabia,Kartal Kayra Yılmaz,Baran Ali Gezek,Stéphane Bahoken,Miguel Cardoso,Andreas Gianniotis,Cláudio Winck,Sadık Çiftpınar,Yasin Özcan,Kévin Rodrigues,Loret Sadiku,Mortadha Ben Ouanes,Antonín Barák,Haris Hajradinović,Josip Brekalo,Mamadou Fall,6.3,7.5,6.7,7.0,7.1,7.5,6.6,7.0,6.6,6.9,6.9,6.9,6.7,7.0,6.6,6.9,6.9,7.0,6.5,7.4,7.2,6.8,2.0,1.0,1.0,10.0,4.0,284.0,15.0,13.0,0.32,0.0,16.0,7.0,592.0,19.0,10.0,0.68
Kayserispor,Adana Demirspor,H,3-4-1-2,4-1-4-1,1.0,Bilal Bayazit,Joseph Attamah,Julian Jeanvier,Lionel Carole,Gökhan Sazdağı,Kartal Kayra Yılmaz,Mehdi Bourabia,Hasan Ali Kaldırım,Miguel Cardoso,Carlos Mané,Duckens Nazon,Vedat Karakuş,Arda Kurtulan,Semih Güler,Tolga Kalender,Abdulsamet Burak,Maestro,Breyton Fougeu,İzzet Çelik,Tayfun Aydoğan,Ali Yavuz Kol,Yusuf Barası,7.8,7.2,6.7,7.8,6.9,6.6,7.2,8.4,7.7,6.7,6.6,7.5,6.9,7.4,7.4,6.8,6.6,6.6,7.0,7.2,7.1,6.9,0.0,0.0,2.0,14.0,7.0,469.0,15.0,13.0,0.59,0.0,9.0,7.0,329.0,15.0,11.0,0.41
Kayserispor,Hatayspor,A,5-3-2,4-1-4-1,3.0,Bilal Bayazit,Gökhan Sazdağı,Joseph Attamah,Julian Jeanvier,Lionel Carole,Hasan Ali Kaldırım,Mehdi Bourabia,Kartal Kayra Yılmaz,Baran Ali Gezek,Duckens Nazon,Miguel Cardoso,Erce Kardeşler,Kerim Alıcı,Guy-Marcelin Kilama,Francisco Calvo,Cemali Sertel,Lamine Diack,Carlos Strandberg,Görkem Sağlam,Rui Pedro,Rigoberto Rivas,Vincent Aboubakar,7.5,8.0,7.0,7.2,7.3,7.9,6.9,7.5,7.1,6.2,7.0,7.2,6.8,6.6,8.7,7.3,7.2,6.9,7.3,7.2,6.5,6.8,1.0,0.0,3.0,14.0,6.0,368.0,17.0,12.0,0.46,3.0,12.0,6.0,434.0,17.0,16.0,0.54
,,,,,,,,,,,,,,,,,,,,,,,,,,,,,,,,,,,,,,,,,,,,,,,,,,,,,,,,,,,,,,,,,
,,,,,,,,,,,,,,,,,,,,,,,,,,,,6.881818181818181,6.272727272727272,6.672727272727272,6.581818181818181,6.409090909090909,6.481818181818181,6.718181818181819,6.727272727272728,7.045454545454546,6.518181818181819,6.527272727272726,,,,,,,,,,,,,,,,,,,,,,,,,,,
,,,,,,,,,,,,,,,,,,,,,,,,,,,,0.5706455674377604,0.4051935564416322,0.8545067689502736,0.5741396725853072,0.6456849780729692,0.44230799635137,0.2960343960359397,0.4027180380636287,0.7188374452734588,0.6569903832145214,0.7457759839132935,,,,,,,,,,,,,,,,,,,,,,,,,,,
